resid,rmsf_A
22,6.6701
23,6.5650
24,6.5885
25,6.4998
26,6.5652
27,6.5068
28,6.3871
29,6.4145
30,6.4986
31,6.4038
32,6.3286
33,6.4853
34,6.5943
35,6.4649
36,6.4168
37,6.6205
38,6.6471
39,6.5154
40,6.5629
41,6.7230
42,6.7135
43,6.7415
44,7.3633
45,7.4428
46,7.5277
22,6.9668
23,6.7759
24,6.8668
25,6.9534
26,6.8955
27,6.7198
28,6.7577
29,6.8709
30,6.8019
31,6.7154
32,6.9127
33,7.1237
34,7.0443
35,7.1019
36,7.4722
37,7.5721
38,7.3976
39,7.5491
40,7.6741
41,7.7387
42,7.9139
43,8.0110
44,8.0644
45,8.2180
46,8.3735
22,6.9088
23,6.7294
24,6.7356
25,6.8882
26,6.7385
27,6.5996
28,6.7707
29,6.8566
30,6.6380
31,6.6978
32,6.9476
33,6.8076
34,6.6963
35,6.9536
36,7.0324
37,6.9358
38,7.0455
39,7.1953
40,7.0869
41,7.0054
42,7.3131
43,7.3937
44,7.3504
45,7.5057
46,7.5412
22,6.7204
23,6.5832
24,6.5727
25,6.5191
26,6.3484
27,6.3885
28,6.4621
29,6.3510
30,6.2567
31,6.3683
32,6.3094
33,6.0076
34,6.1104
35,6.2284
36,5.8447
37,5.7128
38,6.1379
39,6.1683
40,5.9052
41,6.0415
42,6.4194
43,6.3224
44,6.1700
45,6.5121
46,6.9673
